INSERT INTO `regions` (`id`, `parent_id`, `region`, `status`, `created_at`, `updated_at`) VALUES
(1, 'ROOT', 'North', 1, '2021-05-05 22:44:08', '2021-05-05 22:44:08'),
(2, '1', 'N1', 1, '2021-05-05 22:44:35', '2021-05-05 22:44:35'),
(3, '1', 'N2', 1, '2021-05-05 22:45:03', '2021-05-05 22:45:03'),
(4, 'ROOT', 'East', 1, '2021-05-05 22:45:13', '2021-05-05 22:45:13'),
(5, '4', 'E1', 1, '2021-05-05 22:46:00', '2021-05-05 22:46:00'),
(6, '4', 'E2', 1, '2021-05-05 22:46:27', '2021-05-05 22:46:27');


INSERT INTO `region_cities` (`id`, `region_id`, `state`, `city`, `created_at`, `updated_at`) VALUES
(1, 2, 'PUNJAB', 'AMRITSAR', '2021-05-05 22:44:35', '2021-05-05 22:44:35'),
(2, 2, 'PUNJAB', 'BARNALA', '2021-05-05 22:44:35', '2021-05-05 22:44:35'),
(3, 2, 'PUNJAB', 'LUDHIANA', '2021-05-05 22:44:35', '2021-05-05 22:44:35'),
(4, 3, 'HP', 'KULLU', '2021-05-05 22:45:03', '2021-05-05 22:45:03'),
(5, 3, 'HP', 'MANALI', '2021-05-05 22:45:03', '2021-05-05 22:45:03'),
(6, 3, 'HP', 'SHIMLA', '2021-05-05 22:45:03', '2021-05-05 22:45:03'),
(7, 3, 'HP', 'SOLAN', '2021-05-05 22:45:03', '2021-05-05 22:45:03'),
(8, 5, 'ODISHA', 'ANGUL', '2021-05-05 22:46:00', '2021-05-05 22:46:00'),
(9, 5, 'ODISHA', 'BERHAMPUR', '2021-05-05 22:46:00', '2021-05-05 22:46:00'),
(10, 5, 'ODISHA', 'BHUBANESWAR', '2021-05-05 22:46:01', '2021-05-05 22:46:01'),
(11, 5, 'JHARKHAND', 'BISTUPUR', '2021-05-05 22:46:01', '2021-05-05 22:46:01'),
(12, 5, 'ODISHA', 'BRAHMAPUR', '2021-05-05 22:46:01', '2021-05-05 22:46:01'),
(13, 6, 'WEST BENGAL', 'ASANSOL', '2021-05-05 22:46:27', '2021-05-05 22:46:27'),
(14, 6, 'WEST BENGAL', 'BANKURA', '2021-05-05 22:46:27', '2021-05-05 22:46:27'),
(15, 6, 'WEST BENGAL', 'DARJEELING', '2021-05-05 22:46:27', '2021-05-05 22:46:27');


INSERT INTO `region_states` (`id`, `region_id`, `state`, `created_at`, `updated_at`) VALUES
(1, 2, 'PUNJAB', '2021-05-05 22:44:35', '2021-05-05 22:44:35'),
(2, 3, 'HP', '2021-05-05 22:45:03', '2021-05-05 22:45:03'),
(3, 5, 'JHARKHAND', '2021-05-05 22:46:00', '2021-05-05 22:46:00'),
(4, 5, 'ODISHA', '2021-05-05 22:46:00', '2021-05-05 22:46:00'),
(5, 6, 'WEST BENGAL', '2021-05-05 22:46:27', '2021-05-05 22:46:27');